{
  "timestamp": "2026-02-20T16:27:06.528823",
  "config": {
    "full": false,
    "noise_sweep": true,
    "coefficient": false,
    "trajectory": false,
    "lorenz": false,
    "model": "models/factorized/factorized_model.pt",
    "n_trials": 20,
    "output": "models/factorized/comprehensive_benchmark.json"
  },
  "noise_sweep": {
    "noise_levels": [
      0.01,
      0.05,
      0.1,
      0.2,
      0.5
    ],
    "systems": {
      "Lorenz": {
        "sindy": {
          "f1": [
            0.9770833333333334,
            0.8598284313725492,
            0.6162866505176372,
            0.5401251330434239,
            0.5196374436851053
          ],
          "coef_mae": [
            0.04586211524782638,
            0.2933220488137931,
            3.2211030227215796,
            5.697684844321088,
            6.952571548155682
          ],
          "traj_rmse": [
            7.9186968147902395,
            9.052920528271223,
            9.684229977167107,
            9.679320025452308,
            54.43370005327688
          ]
        },
        "scsindy": {
          "f1": [
            1.0,
            1.0,
            0.9807692307692308,
            1.0,
            0.9961538461538462
          ],
          "coef_mae": [
            0.04091575436039724,
            0.2482633746967235,
            0.786330464702505,
            2.041877509482191,
            4.83369506323057
          ],
          "traj_rmse": [
            7.673876365475119,
            9.307186145148535,
            9.880960745302215,
            11.107364299233115,
            12.343429288796276
          ]
        },
        "weak_sindy": {
          "f1": [
            0.9708333333333334,
            0.8776960784313725,
            0.7683681999601033,
            0.6544452237985015,
            0.5257730873435521
          ],
          "coef_mae": [
            0.04389279395083937,
            0.1365166165809952,
            1.9764965880661425,
            2.2958184348547084,
            6.58263070219494
          ],
          "traj_rmse": [
            7.95937866239129,
            8.768430823921134,
            9.864102285677031,
            10.331022622828574,
            11.629417223872068
          ]
        }
      },
      "VanDerPol": {
        "sindy": {
          "f1": [
            1.0,
            1.0,
            0.8340259740259739,
            0.5351054501054501,
            0.4137355964506321
          ],
          "coef_mae": [
            0.0019031499256464772,
            0.019627317828557506,
            0.23194504986546666,
            0.5710360578383112,
            0.982606290601076
          ],
          "traj_rmse": [
            0.031651485307676315,
            0.0988219684012226,
            0.912864300678774,
            582.4982616804649,
            728.9571832363387
          ]
        },
        "scsindy": {
          "f1": [
            1.0,
            1.0,
            1.0,
            0.8666666666666668,
            0.38928571428571423
          ],
          "coef_mae": [
            0.0017070476610113224,
            0.018321798667302346,
            0.07207297147777886,
            0.4606570606353325,
            1.019604951777123
          ],
          "traj_rmse": [
            0.022195902127607435,
            0.17689192092513945,
            0.39992685539473105,
            1.2591495464398434,
            1.8208472975548873
          ]
        },
        "weak_sindy": {
          "f1": [
            1.0,
            1.0,
            1.0,
            0.869076479076479,
            0.5694018726371668
          ],
          "coef_mae": [
            0.0010743810539404959,
            0.0069298752522120605,
            0.018403236674254097,
            0.15170742586823,
            0.6853710875678725
          ],
          "traj_rmse": [
            0.018111069613548754,
            0.0577648368455179,
            0.19458829810745773,
            0.7120087968413831,
            2.536630523596689
          ]
        }
      },
      "Rossler": {
        "sindy": {
          "f1": [
            0.3370032014009647,
            0.2695370933271196,
            0.24257421687863126,
            0.2527619857368998,
            0.24833695463175273
          ],
          "coef_mae": [
            12874.727063683362,
            3919.003746387613,
            429.1577418091321,
            697.9910788923919,
            99.25821165074314
          ],
          "traj_rmse": [
            589.8622176901837,
            2276.0468958026327,
            12.792839687820694,
            3.7689564423924797,
            5200.0980087016505
          ]
        },
        "scsindy": {
          "f1": [
            0.7863686313686313,
            0.752124542124542,
            0.675054945054945,
            0.6424543877175455,
            0.6726365301365301
          ],
          "coef_mae": [
            0.8631487141643335,
            0.7959959665042797,
            1.0471827198306478,
            1.3333400915885152,
            2.134732975695326
          ],
          "traj_rmse": [
            0.097320412819636,
            0.7162309398622203,
            291.29189927418065,
            2337.7855243883287,
            4.370823868664398
          ]
        },
        "weak_sindy": {
          "f1": [
            0.5727710035062976,
            0.37593072617413387,
            0.3135893232656922,
            0.25207317521356687,
            0.2170776499878173
          ],
          "coef_mae": [
            1.0512383965477685,
            4.203977241629696,
            17.94155498227455,
            34.12298258945888,
            120.59912685605507
          ],
          "traj_rmse": [
            212.1996688062105,
            73.73646077496818,
            4.22744930910733,
            1104.695509660043,
            870.41730568895
          ]
        }
      },
      "LotkaVolterra": {
        "sindy": {
          "f1": [
            0.2333333333333333,
            0.3333333333333333,
            0.13055555555555556,
            0.15555555555555556,
            0.08653846153846154
          ],
          "coef_mae": [
            0.5814014652953885,
            0.5084229884564934,
            0.675781649520639,
            0.6354027614877512,
            0.6764840516139126
          ],
          "traj_rmse": [
            0.04455089593100153,
            0.6200359339406329,
            3.0329513579998943,
            3.2144166072204583,
            10003919261.633057
          ]
        },
        "scsindy": {
          "f1": [
            0.4164285714285715,
            0.47178571428571425,
            0.6432142857142857,
            0.503095238095238,
            0.3880952380952381
          ],
          "coef_mae": [
            0.5279721510501606,
            1.1520595435143444,
            9.373211554958527,
            3.556590552196942,
            19.90922145434187
          ],
          "traj_rmse": [
            NaN,
            10179.896691196529,
            2.7604702774087997,
            2865251051.02951,
            25973179578.45793
          ]
        },
        "weak_sindy": {
          "f1": [
            0.5829039381670961,
            0.4474125874125874,
            0.47741258741258735,
            0.4973909423909424,
            0.5178296703296704
          ],
          "coef_mae": [
            30.163105481299315,
            15.682024858786457,
            29.556435288952922,
            25.200607759549175,
            11.15663675254998
          ],
          "traj_rmse": [
            6.087430516957497,
            2865681259.4529767,
            7616034.335056411,
            0.9433272065177016,
            NaN
          ]
        }
      },
      "DuffingOscillator": {
        "sindy": {
          "f1": [
            0.8450397555660715,
            0.6536758906727947,
            0.4823649140677005,
            0.3953024104378594,
            0.3450628576789568
          ],