{
  "2": [
    [
      "DampedHarmonicOscillator",
      {
        "precision": 0.43166666666666664,
        "recall": 0.5666666666666667,
        "f1": 0.4863095238095238,
        "n_samples": 20
      }
    ],
    [
      "LinearOscillator",
      {
        "precision": 0.8041666666666666,
        "recall": 0.9666666666666666,
        "f1": 0.8738095238095239,
        "n_samples": 20
      }
    ],
    [
      "ForcedOscillator",
      {
        "precision": 1.0,
        "recall": 1.0,
        "f1": 1.0,
        "n_samples": 20
      }
    ],
    [
      "PredatorPreyTypeII",
      {
        "precision": 0.43154761904761907,
        "recall": 0.4,
        "f1": 0.4070707070707071,
        "n_samples": 20
      }
    ],
    [
      "HindmarshRose2D",
      {
        "precision": 0.6249999999999999,
        "recall": 0.2857142857142857,
        "f1": 0.390909090909091,
        "n_samples": 20
      }
    ]
  ],
  "3": [
    [
      "Lorenz",
      {
        "precision": 1.0,
        "recall": 1.0,
        "f1": 1.0,
        "n_samples": 20
      }
    ],
    [
      "SIRModel",
      {
        "precision": 0.13549297924297923,
        "recall": 0.25,
        "f1": 0.173700229509053,
        "n_samples": 20
      }
    ],
    [
      "RabinovichFabrikant",
      {
        "precision": 0.6375793650793651,
        "recall": 0.40499999999999997,
        "f1": 0.487858002850263,
        "n_samples": 20
      }
    ]
  ],
  "4": [
    [
      "HyperchaoticRossler",
      {
        "precision": 0.18422173221515328,
        "recall": 0.3722222222222222,
        "f1": 0.2455750252579338,
        "n_samples": 20
      }
    ],
    [
      "CoupledFitzHughNagumo",
      {
        "precision": 0.5521627787417261,
        "recall": 0.425,
        "f1": 0.4702709110535198,
        "n_samples": 20
      }
    ]
  ]
}