{
  "timestamp": "2026-02-22T17:22:51.000733",
  "config": {
    "all": 0,
    "preprocessor": 0,
    "high_noise": 0,
    "comparison": 1,
    "model": "models/factorized/factorized_model.pt",
    "n_trials": 10,
    "output": "models/factorized/expanded_comparison_v2.json"
  },
  "availability": {
    "pytorch": 1,
    "pysindy": 1,
    "miosr": 0,
    "dysts": 0
  },
  "comparison": {
    "methods": [
      "STLSQ",
      "SR3_L1",
      "E-SINDy",
      "SC-SINDy"
    ],
    "systems": {
      "Lorenz": {
        "STLSQ": {
          "f1": {
            "mean": 0.8164585483316132,
            "std": 0.09441227558343582
          },
          "mae": {
            "mean": 0.4181180980661058,
            "std": 0.29366213301500005
          },
          "time_ms": {
            "mean": 5.268537305528298,
            "std": 0.2891362790324606
          }
        },
        "SR3_L1": {
          "f1": {
            "mean": 0.4336675157979058,
            "std": 0.039719438691898375
          },
          "mae": {
            "mean": 4.579797987476231,
            "std": 0.7546135170182572
          },
          "time_ms": {
            "mean": 3.8945583975873888,
            "std": 1.2156812465436915
          }
        },
        "E-SINDy": {
          "f1": {
            "mean": 0.8505228758169935,
            "std": 0.041785796632409104
          },
          "mae": {
            "mean": 0.34330540573545704,
            "std": 0.0753763921206663
          },
          "time_ms": {
            "mean": 119.6832666057162,
            "std": 3.1694620844065735
          }
        },
        "SC-SINDy": {
          "f1": {
            "mean": 1.0,
            "std": 0.0
          },
          "mae": {
            "mean": 0.2626381573984831,
            "std": 0.04560965773842588
          },
          "time_ms": {
            "mean": 8.433266705833375,
            "std": 8.493387408819652
          }
        }
      },
      "VanDerPol": {
        "STLSQ": {
          "f1": {
            "mean": 1.0,
            "std": 0.0
          },
          "mae": {
            "mean": 0.019917777981984977,
            "std": 0.008253343251925897
          },
          "time_ms": {
            "mean": 1.6393000958487391,
            "std": 0.0458201619292426
          }
        },
        "SR3_L1": {
          "f1": {
            "mean": 0.8905050505050506,
            "std": 0.09958919804121937
          },
          "mae": {
            "mean": 0.1717370916657054,
            "std": 0.06814674853139796
          },
          "time_ms": {
            "mean": 1.676320593105629,
            "std": 0.07259864907646935
          }
        },
        "E-SINDy": {
          "f1": {
            "mean": 1.0,
            "std": 0.0
          },
          "mae": {
            "mean": 0.03926751542046321,
            "std": 0.016890015263506253
          },
          "time_ms": {
            "mean": 58.701837598346174,
            "std": 1.7249657360510675
          }
        },
        "SC-SINDy": {
          "f1": {
            "mean": 1.0,
            "std": 0.0
          },
          "mae": {
            "mean": 0.019917777981984977,
            "std": 0.008253343251925897
          },
          "time_ms": {
            "mean": 3.4050666028633714,
            "std": 0.13518758185431456
          }
        }
      },
      "Rossler": {
        "STLSQ": {
          "f1": {
            "mean": 0.25638252747060924,
            "std": 0.08754502344699526
          },
          "mae": {
            "mean": 496.5868982459867,
            "std": 1081.786267319203
          },
          "time_ms": {
            "mean": 11.370158201316372,
            "std": 3.7598486086048903
          }
        },
        "SR3_L1": {
          "f1": {
            "mean": 0.2522860936792825,
            "std": 0.08013291986150947
          },
          "mae": {
            "mean": 484.14458309394934,
            "std": 1059.7045372901864
          },
          "time_ms": {
            "mean": 4.312466603005305,
            "std": 0.5263543022600148
          }
        },
        "E-SINDy": {
          "f1": {
            "mean": 0.2583029183460218,
            "std": 0.07622884058799972
          },
          "mae": {
            "mean": 3.6389140177181547,
            "std": 4.085276991846004
          },
          "time_ms": {
            "mean": 116.88522501499392,
            "std": 6.8915500761636475
          }
        },
        "SC-SINDy": {
          "f1": {
            "mean": 0.9126082251082253,
            "std": 0.09106535798870206
          },
          "mae": {
            "mean": 0.37295868727012804,
            "std": 0.44191439728920867
          },
          "time_ms": {
            "mean": 5.36890429793857,
            "std": 0.24842511189301283
          }
        }
      },
      "DuffingOscillator": {
        "STLSQ": {
          "f1": {
            "mean": 0.6420564231090546,
            "std": 0.22549036541142917
          },
          "mae": {
            "mean": 3.30906328976537,
            "std": 9.358583915452847
          },
          "time_ms": {
            "mean": 2.9176625015679747,
            "std": 0.9708327901547366
          }
        },
        "SR3_L1": {
          "f1": {
            "mean": 0.7384343434343434,
            "std": 0.16017196433000033
          },
          "mae": {
            "mean": 3.2861978936314538,
            "std": 9.191301933744468
          },
          "time_ms": {
            "mean": 2.593737404095009,
            "std": 0.5294933427014323
          }
        },
        "E-SINDy": {
          "f1": {
            "mean": 0.6397860962566846,
            "std": 0.1403461025006331
          },
          "mae": {
            "mean": 0.180764500730961,
            "std": 0.0734085043198254
          },
          "time_ms": {
            "mean": 53.262812504544854,
            "std": 5.506107573325357
          }
        },
        "SC-SINDy": {
          "f1": {
            "mean": 0.7083333333333333,
            "std": 0.3786855922500588
          },
          "mae": {
            "mean": 0.25853593872897074,
            "std": 0.2870710106188187
          },
          "time_ms": {
            "mean": 3.4222290967591107,
            "std": 0.3440660302314595
          }
        }
      },
      "LotkaVolterra": {
        "STLSQ": {
          "f1": {
            "mean": 0.15,
            "std": 0.32015621187164245
          },
          "mae": {
            "mean": 0.638395857334588,
            "std": 0.238762267829624
          },
          "time_ms": {
            "mean": 0.7261416118126363,
            "std": 0.509241128960464
          }
        },
        "SR3_L1": {
          "f1": {
            "mean": 0.5028860028860029,
            "std": 0.08574634641700188
          },
          "mae": {
            "mean": 106.68245419192294,
            "std": 236.7876808977358
          },
          "time_ms": {
            "mean": 2.3890235710756054,
            "std": 0.6776385102753802
          }
        },
        "E-SINDy": {
          "f1": {
            "mean": 0.5725174825174826,
            "std": 0.29197371089815755
          },
          "mae": {
            "mean": 79.7839831463517,
            "std": 221.7343131024341
          },
          "time_ms": {
            "mean": 49.537421006243676,
            "std": 8.012566076372948
          }
        },
        "SC-SINDy": {
          "f1": {
            "mean": 0.4102380952380952,
            "std": 0.35775827928163706
          },
          "mae": {
            "mean": 3.368055421087411,
            "std": 5.7850931041801665
          },
          "time_ms": {
            "mean": 2.9200042015872896,
            "std": 0.31195464765570485
          }
        }
      }
    }
  }
}