{
  "timestamp": "2026-02-22T17:18:45.523766",
  "config": {
    "all": 1,
    "preprocessor": 0,
    "high_noise": 0,
    "comparison": 0,
    "model": "models/factorized/factorized_model.pt",
    "n_trials": 15,
    "output": "models/factorized/expanded_comparison.json"
  },
  "availability": {
    "pytorch": 1,
    "pysindy": 1,
    "miosr": 0,
    "dysts": 0
  },
  "preprocessor": {
    "Lorenz": {
      "STLSQ": {
        "alone": {
          "mean": 0.8033295806360823,
          "std": 0.09836468966017056
        },
        "with_scsindy": {
          "mean": 0.9846153846153847,
          "std": 0.03076923076923079
        },
        "improvement_pct": 22.566803009514345
      }
    },
    "VanDerPol": {
      "STLSQ": {
        "alone": {
          "mean": 1.0,
          "std": 0.0
        },
        "with_scsindy": {
          "mean": 1.0,
          "std": 0.0
        },
        "improvement_pct": 0.0
      }
    },
    "Rossler": {
      "STLSQ": {
        "alone": {
          "mean": 0.3090262926090554,
          "std": 0.1730128446870992
        },
        "with_scsindy": {
          "mean": 0.6699300699300699,
          "std": 0.09975600663795527
        },
        "improvement_pct": 116.7874015747872
      }
    },
    "DuffingOscillator": {
      "STLSQ": {
        "alone": {
          "mean": 0.7362696562696562,
          "std": 0.1440520819430857
        },
        "with_scsindy": {
          "mean": 0.8334920634920636,
          "std": 0.19660087040086682
        },
        "improvement_pct": 13.204728239785018
      }
    },
    "LotkaVolterra": {
      "STLSQ": {
        "alone": {
          "mean": 0.5274358974358975,
          "std": 0.26866191429863817
        },
        "with_scsindy": {
          "mean": 0.6060846560846561,
          "std": 0.21321241429072968
        },
        "improvement_pct": 14.911529350032021
      }
    }
  },
  "high_noise": {
    "noise_levels": [
      0.1,
      0.2,
      0.3,
      0.4,
      0.5
    ],
    "systems": {
      "Lorenz": {
        "STLSQ": {
          "0.1": {
            "mean": 0.597554652991724,
            "std": 0.1363623957041826
          },
          "0.2": {
            "mean": 0.5366380715366222,
            "std": 0.0653673947111388
          },
          "0.3": {
            "mean": 0.5445501465791321,
            "std": 0.04421730497377943
          },
          "0.4": {
            "mean": 0.5270295382519271,
            "std": 0.08239965057255133
          },
          "0.5": {
            "mean": 0.5409394906276466,
            "std": 0.06239502469982163
          }
        },
        "E-SINDy": {},
        "Weak-SINDy": {
          "0.1": {
            "mean": 0.5987635484553866,
            "std": 0.07432502766077093
          },
          "0.2": {
            "mean": 0.5411663827316001,
            "std": 0.09373535763079587
          },
          "0.3": {
            "mean": 0.49913623245357375,
            "std": 0.05676500732570835
          },
          "0.4": {
            "mean": 0.4811296405705007,
            "std": 0.062418683211491015
          },
          "0.5": {
            "mean": 0.4711729082494989,
            "std": 0.0686934543409056
          }
        },
        "SC-SINDy": {
          "0.1": {
            "mean": 0.9794871794871796,
            "std": 0.034016664516465664
          },
          "0.2": {
            "mean": 0.9948717948717949,
            "std": 0.019187986598840735
          },
          "0.3": {
            "mean": 1.0,
            "std": 0.0
          },
          "0.4": {
            "mean": 1.0,
            "std": 0.0
          },
          "0.5": {
            "mean": 0.9948717948717949,
            "std": 0.019187986598840735
          }
        },
        "SC-SINDy+E-SINDy": {
          "0.1": {
            "mean": 0.9236985236985237,
            "std": 0.07484522247110402
          },
          "0.2": {
            "mean": 0.9692307692307692,
            "std": 0.037684457581279696
          },
          "0.3": {
            "mean": 0.9897435897435898,
            "std": 0.026148818018424565
          },
          "0.4": {
            "mean": 0.9675213675213675,
            "std": 0.0586327278158718
          },
          "0.5": {
            "mean": 0.9837606837606837,
            "std": 0.04452655137651662
          }
        }
      },
      "VanDerPol": {
        "STLSQ": {
          "0.1": {
            "mean": 0.8284175084175084,
            "std": 0.14747284103129477
          },
          "0.2": {
            "mean": 0.5495881895881897,
            "std": 0.16345219074718154
          },
          "0.3": {
            "mean": 0.48562570327276217,
            "std": 0.09035208801271534
          },
          "0.4": {
            "mean": 0.393650830879933,
            "std": 0.0657621977863504
          },
          "0.5": {
            "mean": 0.41234077469371583,
            "std": 0.09495325000198425
          }
        },
        "E-SINDy": {},
        "Weak-SINDy": {
          "0.1": {
            "mean": 0.9333333333333335,
            "std": 0.09428090415820631
          },
          "0.2": {
            "mean": 0.9418181818181819,
            "std": 0.09784453852417241
          },
          "0.3": {
            "mean": 0.8958730158730159,
            "std": 0.1395583863831785
          },
          "0.4": {
            "mean": 0.7414763014763014,
            "std": 0.1543500369877067
          },
          "0.5": {
            "mean": 0.6939549339549339,
            "std": 0.1343350924485724
          }
        },
        "SC-SINDy": {
          "0.1": {
            "mean": 1.0,
            "std": 0.0
          },
          "0.2": {
            "mean": 0.9111111111111111,
            "std": 0.14740554623801783
          },
          "0.3": {
            "mean": 0.7460317460317459,
            "std": 0.14822371466576192
          },
          "0.4": {
            "mean": 0.6412698412698412,
            "std": 0.07349737716057282
          },
          "0.5": {
            "mean": 0.5650793650793651,
            "std": 0.23601738836147118
          }
        },
        "SC-SINDy+E-SINDy": {
          "0.1": {
            "mean": 1.0,
            "std": 0.0
          },
          "0.2": {
            "mean": 0.9079365079365079,
            "std": 0.11463790530328759
          },
          "0.3": {
            "mean": 0.8063492063492065,
            "std": 0.09850226339111239
          },
          "0.4": {
            "mean": 0.6547619047619047,
            "std": 0.07453559924999296
          },
          "0.5": {
            "mean": 0.596031746031746,
            "std": 0.16515566002501028
          }
        }
      },
      "Rossler": {
        "STLSQ": {
          "0.1": {
            "mean": 0.27865066976070085,
            "std": 0.09790720209573654
          },
          "0.2": {
            "mean": 0.24852737487308804,
            "std": 0.06384212118022403
          },
          "0.3": {
            "mean": 0.2670518270124532,
            "std": 0.09345915823166591
          },
          "0.4": {
            "mean": 0.24412061551485717,
            "std": 0.042037096069137476
          },
          "0.5": {
            "mean": 0.26335361609218394,
            "std": 0.08469169618836268
          }
        },
        "E-SINDy": {},
        "Weak-SINDy": {
          "0.1": {
            "mean": 0.5908225108225107,
            "std": 0.01915436441077034
          },
          "0.2": {
            "mean": 0.5521212121212121,
            "std": 0.06708956775095588
          },
          "0.3": {
            "mean": 0.5783634665987606,
            "std": 0.10009169850088889
          },
          "0.4": {
            "mean": 0.48929928837857223,
            "std": 0.10690012441074681
          },
          "0.5": {
            "mean": 0.4413135453908101,
            "std": 0.13172462327951137
          }
        },
        "SC-SINDy": {
          "0.1": {
            "mean": 0.7423310023310022,