{
  "2": [
    [
      "DampedHarmonicOscillator",
      {
        "precision": 0.78,
        "recall": 0.95,
        "f1": 0.8432142857142857,
        "n_samples": 20
      }
    ],
    [
      "LinearOscillator",
      {
        "precision": 0.625,
        "recall": 0.6999999999999998,
        "f1": 0.6457142857142857,
        "n_samples": 20
      }
    ],
    [
      "ForcedOscillator",
      {
        "precision": 0.75,
        "recall": 1.0,
        "f1": 0.8571428571428571,
        "n_samples": 20
      }
    ],
    [
      "PredatorPreyTypeII",
      {
        "precision": 0.6555555555555556,
        "recall": 0.5777777777777777,
        "f1": 0.6123456790123456,
        "n_samples": 9
      }
    ],
    [
      "HindmarshRose2D",
      {
        "precision": 0.5,
        "recall": 0.2857142857142857,
        "f1": 0.3636363636363636,
        "n_samples": 20
      }
    ]
  ],
  "3": [
    [
      "Lorenz",
      {
        "precision": 0.6666666666666665,
        "recall": 0.5714285714285714,
        "f1": 0.6153846153846152,
        "n_samples": 20
      }
    ],
    [
      "SIRModel",
      {
        "precision": 0.12689594356261022,
        "recall": 0.375,
        "f1": 0.1848249898249898,
        "n_samples": 18
      }
    ],
    [
      "RabinovichFabrikant",
      {
        "precision": 0.6666666666666666,
        "recall": 0.4,
        "f1": 0.5,
        "n_samples": 2
      }
    ]
  ],
  "4": [
    [
      "CoupledFitzHughNagumo",
      {
        "precision": 0.5693573583279468,
        "recall": 0.6285714285714286,
        "f1": 0.5930724592014914,
        "n_samples": 20
      }
    ]
  ]
}